<application>
  <component name="StudioOdpsProjects">
    <StudioOdpsProject>
      <option name="synced" value="true" />
      <option name="projectAccess">
        <OdpsProjectAccess>
          <option name="accessId" value="LTAI0YqGdYQGnIxt" />
          <option name="accessKey" value="LXitlKMM0fn22hEUPAD6NSocJh8cRN" />
          <option name="endPoint" value="http://service.odps.aliyun.com/api" />
          <option name="projectName" value="T3GO_BI" />
          <option name="realEndPoint" value="http://service.odps.aliyun.com/api" />
        </OdpsProjectAccess>
      </option>
    </StudioOdpsProject>
  </component>
</application>