<application>
  <component name="StudioSettings">
    <option name="generalSettings">
      <GeneralSettings>
        <option name="enableInternalFeatures" value="false" />
        <option name="macAddress" value="00-15-5D-72-74-02" />
      </GeneralSettings>
    </option>
    <option name="accountSettings">
      <AccountSettings>
        <option name="providerAccountMap">
          <map>
            <entry value="LTAI0YqGdYQGnIxt###LXitlKMM0fn22hEUPAD6NSocJh8cRN###wangpeng@1453739434045780.onaliyun.com">
              <key>
                <AccountUnitKey>
                  <option name="name" value="wangpeng@1453739434045780.onaliyun.com" />
                  <option name="providerId" value="Aliyun Account By AccessKey" />
                </AccountUnitKey>
              </key>
            </entry>
          </map>
        </option>
        <option name="defaultAccount" value="wangpeng@1453739434045780.onaliyun.com" />
      </AccountSettings>
    </option>
    <option name="sdkSettings">
      <SdkSettings>
        <option name="allSdks">
          <list>
            <SdkInfo>
              <option name="sdkType" value="ODPS_CMD" />
              <option name="version" value="0.29.1" />
              <option name="installedLocation" value="C:\Users\SleepLotus\.IntelliJIdea2018.3\config\plugins\odps-studio-intellij\odpscmd_public" />
              <option name="isDefault" value="true" />
            </SdkInfo>
          </list>
        </option>
      </SdkSettings>
    </option>
    <option name="scriptSubmitSettings">
      <ScriptSubmitSettings>
        <option name="sqlCostConfirm" value="false" />
      </ScriptSubmitSettings>
    </option>
  </component>
</application>